<?xml version="1.0" encoding="UTF-8" ?>
<!DOCTYPE mapper PUBLIC "-//mybatis.org//DTD Mapper 3.0//EN" "http://mybatis.org/dtd/mybatis-3-mapper.dtd">
<mapper namespace="com.namingless.mapper.AssetsMapper">
	<select id="findAssetsById" parameterType="Integer"
		resultType="com.namingless.pojo.Assets">
		select * from Assets where a_id = #{aid}
	</select>
	
	<select id="findAllAssetss" resultType="com.namingless.pojo.Assets">
		select * from Assets
	</select>
	
	
	<insert id="insertOne" parameterType="com.namingless.pojo.Assets">
		insert into Assets values(a_id =#{a_id},
		u_id =#{u_id},
		a_virtual =#{a_virtual},
		a_entity =#{a_entity})
	</insert>
	
	<delete id="delete" parameterType="Integer">
	delete from Assets where a_id = #{a_id}
	</delete>
	
	<update id="update" parameterType="com.namingless.pojo.Assets">
		update Assets set a_virtual =#{a_virtual}, a_entity =#{a_entity} where a_id=#{a_id}
	</update>
</mapper>