<?xml version="1.0" encoding="UTF-8" ?>
<!DOCTYPE mapper PUBLIC "-//mybatis.org//DTD Mapper 3.0//EN"
 "http://mybatis.org/dtd/mybatis-3-mapper.dtd">
<mapper namespace="com.namingless.mapper.IncomeMapper">
<resultMap id="IncomeMap" type="com.namingless.pojo.Income">
<id column="i_id" property="i_id"></id>
<result column="u_id" property="u_id"></result>
<result column="i_date" property="i_date"></result>
<result column="i_addition" property="i_addition"></result>
</resultMap>
<select id="findIncome" resultType = "com.namingless.pojo.Income">
 select * from income
 </select>
<select id="findOneIncomeByYear" resultType = "com.namingless.pojo.Income">
select * from income where year(i_date) = #{i_date}
</select>
<select id="findOneIncomeByMon" resultType = "com.namingless.pojo.Income">
select * from income where date_format(i_date,'%Y%m') like '%${i_date}%'
</select>
<select id="findOneIncomeByDate" resultType = "com.namingless.pojo.Income">
select * from income where i_date=#{i_date}
</select>
<insert id="addIncome" parameterType = "com.namingless.pojo.Income">
insert into income(i_id,u_id,i_date,i_addition) values(#{i_id},#{u_id},#{i_date},#{i_addition})
</insert>
<update id="updateIncome" parameterType="com.namingless.pojo.Income">
update income set i_date=#{i_date},i_addition=#{i_addition} where i_id=#{i_id} and u_id=#{u_id}
</update>
<delete id="deleteIncome" parameterType="Integer">
delete from income where i_id=#{i_id} and u_id=#{u_id}
</delete>
</mapper>