<?xml version="1.0" encoding="UTF-8" ?>
<!DOCTYPE mapper PUBLIC "-//mybatis.org//DTD Mapper 3.0//EN"
 "http://mybatis.org/dtd/mybatis-3-mapper.dtd">
<mapper namespace="com.namingless.mapper.UserMapper">
	<resultMap id="userMap" type="com.namingless.pojo.User">
		<id column="u_id" property="u_id"></id>
		<result column="u_pw" property="u_pw"></result>
		<result column="u_name" property="u_name"></result>
		<result column="u_budget" property="u_budget"></result>
		<result column="a_id" property="a_id"></result>
	</resultMap>
	
	<select id="totalUserNum" parameterType="Integer" resultType = "java.lang.Integer">
		select count(*) from user
	</select>
	
	<select id="findUser" resultType = "com.namingless.pojo.User">
		 select * from user
	 </select>
	 
	<select id="findOneUser" parameterType="Integer" resultType = "com.namingless.pojo.User">
		select * from user where u_id = #{u_id} and a_id = #{a_id}
	</select>
	
	<insert id="addUser" parameterType = "com.namingless.pojo.User">
		insert into user(u_id,u_pw,u_name,u_budget,a_id) values(#{u_id},#{u_pw},#{u_name},#{u_budget},#{a_id})
	</insert>
	
	<update id="updateUser" parameterType="com.namingless.pojo.User">
		update user set u_pw=#{u_pw},u_name=#{u_name},u_budget=#{u_budget} where u_id=#{u_id} and a_id=#{a_id}
	</update>
	
	<delete id="deleteUser" parameterType="Integer">
		delete from user where u_id=#{u_id} and a_id=#{a_id}
	</delete>
</mapper>