<beans xmlns="http://www.springframework.org/schema/beans"
    xmlns:xsi="http://www.w3.org/2001/XMLSchema-instance"
    xmlns:p="http://www.springframework.org/schema/p"
    xsi:schemaLocation="http://www.springframework.org/schema/beans
        http://www.springframework.org/schema/beans/spring-beans.xsd">

    <bean id="assetsDaoImpl" class="com.namingless.daoImpl.AssetsDaoImpl">
    </bean>

   <bean id="billDaoImpl" class="com.namingless.daoImpl.BillDaoImpl">
    </bean>
    <bean id="incomeDaoImpl" class="com.namingless.daoImpl.IncomeDaoImpl">
    </bean>
    <bean id="userDaoImpl" class="com.namingless.daoImpl.UserDaoImpl">
    </bean>
  
</beans>