<?xml version="1.0" encoding="UTF-8" ?>
<!DOCTYPE configuration PUBLIC "-//mybatis.org//DTD Config 3.0//EN" "http://mybatis.org/dtd/mybatis-3-config.dtd">
<configuration>
	 <environments default="mysql">
	 	<environment id="mysql">
			 <transactionManager type="JDBC"/>
			 <dataSource type="POOLED">
				 <property name="driver" value="com.mysql.cj.jdbc.Driver"/>
				 <property name="url" value="jdbc:mysql://127.0.0.1:3306/fmsystem?characterEncoding=utf8&amp;useSSL=false&amp;serverTimezone=UTC&amp;rewriteBatchedStatements=true"/>
				 <property name="username" value="root"/>
				 <property name="password" value="123456"/>
			 </dataSource>
	 	</environment>
	 </environments>
	 <mappers>
	 	<mapper resource="./com/namingless/mapper/BillMapper.xml"/>
	 	<mapper resource="./com/namingless/mapper/AssetsMapper.xml"/>
	 	<mapper resource="com/namingless/mapper/UserMapper.xml"/>
 		<mapper resource="com/namingless/mapper/IncomeMapper.xml"/>
	 </mappers>
</configuration>